_id,id,name,birth_year,country
654bfe15209ff73ec13dda1d,1,John Doe,1980,USA
654bfe15209ff73ec13dda1e,2,Jane Smith,1975,Canada
654bfe15209ff73ec13dda1f,3,David Johnson,1992,UK
654bfe15209ff73ec13dda20,4,Emily Brown,1988,Australia
654bfe15209ff73ec13dda21,5,Michael Wilson,1970,USA
654bfe15209ff73ec13dda22,6,Sophia Lee,1995,Canada
654bfe15209ff73ec13dda23,7,Daniel Martinez,1983,Spain
654bfe15209ff73ec13dda24,8,Olivia Taylor,1982,USA
654bfe15209ff73ec13dda25,9,Liam Anderson,1990,UK
654bfe15209ff73ec13dda26,10,Ava Garcia,1997,Mexico
