_id,id,name,email,address,phone
654c190565471a462d7ba2bd,1,John Smith,john@example.com,123 Main St,555-123-4567
654c190565471a462d7ba2be,2,Jane Doe,jane@example.com,456 Elm St,555-987-6543
654c190565471a462d7ba2bf,3,Michael Brown,michael@example.com,789 Oak St,555-234-5678
654c190565471a462d7ba2c0,4,Emily Johnson,emily@example.com,101 Pine St,555-876-5432
654c190565471a462d7ba2c1,5,Daniel Wilson,daniel@example.com,555 Birch St,555-345-6789
654c190565471a462d7ba2c2,6,Olivia Martinez,olivia@example.com,777 Cedar St,555-765-4321
654c190565471a462d7ba2c3,7,Liam Taylor,liam@example.com,303 Maple St,555-456-7890
654c190565471a462d7ba2c4,8,Ava Anderson,ava@example.com,999 Walnut St,555-654-3210
654c190565471a462d7ba2c5,9,Sophia Garcia,sophia@example.com,222 Spruce St,555-234-5678
654c190565471a462d7ba2c6,10,David Brown,david@example.com,444 Cedar St,555-876-5432
